<?xml version="1.0" encoding="UTF-8"?><project xmlns="http://www.netbeans.org/ns/project/1">
    <type>com.microchip.mplab.nbide.embedded.makeproject</type>
    <configuration>
        <data xmlns="http://www.netbeans.org/ns/make-project/1">
            <name>mcp24lc515_i2c_eeprom</name>
            <creation-uuid>42f3c3c8-8581-4e29-8fdb-87a02b23fc76</creation-uuid>
            <make-project-type>0</make-project-type>
            <c-extensions>c</c-extensions>
            <cpp-extensions/>
            <header-extensions>h</header-extensions>
            <sourceEncoding>UTF-8</sourceEncoding>
            <make-dep-projects/>
        </data>
    </configuration>
</project>
