<?xml version="1.0" encoding="UTF-8"?><project xmlns="http://www.netbeans.org/ns/project/1">
    <type>com.microchip.mplab.nbide.embedded.makeproject</type>
    <configuration>
        <data xmlns="http://www.netbeans.org/ns/make-project/1">
            <name>swapU32</name>
            <creation-uuid>7e42249f-e63a-4d18-91bd-4cf57582baa2</creation-uuid>
            <make-project-type>0</make-project-type>
            <c-extensions/>
            <cpp-extensions/>
            <header-extensions/>
            <sourceEncoding>UTF-8</sourceEncoding>
            <make-dep-projects/>
        </data>
    </configuration>
</project>

